<?xml version="1.0" encoding="UTF-8"?>
<IODevice xmlns="http://www.io-link.com/IODD/2010/10" xmlns:xsi="http://www.w3.org/2001/XMLSchema-instance" xsi:schemaLocation="http://www.io-link.com/IODD/2010/10 IODD1.1.xsd">
	<DocumentInfo copyright="Copyright 2016, Phoenix Contact GmbH" releaseDate="2017-11-01" version="V1.2"/>
	<ProfileHeader>
		<ProfileIdentification>IO Device Profile</ProfileIdentification>
		<ProfileRevision>1.1</ProfileRevision>
		<ProfileName>Device Profile for IO Devices</ProfileName>
		<ProfileSource>IO-Link Consortium</ProfileSource>
		<ProfileClassID>Device</ProfileClassID>
		<ISO15745Reference>
			<ISO15745Part>1</ISO15745Part>
			<ISO15745Edition>1</ISO15745Edition>
			<ProfileTechnology>IODD</ProfileTechnology>
		</ISO15745Reference>
	</ProfileHeader>
	<ProfileBody>

		<DeviceIdentity deviceId="327966" vendorId="176" vendorName="Phoenix Contact">
			<VendorText textId="TI_VendorText"/>
			<VendorUrl textId="TI_VendorUrl"/>
			<VendorLogo name="Phoenix-logo.png"/>
			<DeviceName textId="TN_Device"/>
			<DeviceFamily textId="TI_DeviceFamily"/>
			<DeviceVariantCollection>
				<DeviceVariant productId="2908669" deviceSymbol="Phoenix-ELR-5in1-pic.png" deviceIcon="Phoenix-ELR-5in1-icon.png">
					<Name textId="TI_Product_Name_2908669"/>
					<Description textId="TI_Product_Descr"/>
				</DeviceVariant>
			</DeviceVariantCollection>
		</DeviceIdentity>
		<DeviceFunction>
			<Features blockParameter="false" dataStorage="true" >
				<SupportedAccessLocks localUserInterface="false" dataStorage="true" parameter="false" localParameterization="false" />
			</Features>
			<VariableCollection>
				<StdVariableRef id="V_DirectParameters_1"/>
				<StdVariableRef id="V_DirectParameters_2" excludedFromDataStorage="true"/>
			    <StdVariableRef id="V_SystemCommand">
                    <StdSingleValueRef value="128"/>
                    <StdSingleValueRef value="129"/>
                    <StdSingleValueRef value="130"/>
                </StdVariableRef>
				<StdVariableRef defaultValue="Phoenix Contact" id="V_VendorName"/>
				<StdVariableRef defaultValue="www.phoenixcontact.com" id="V_VendorText"/>
				<StdVariableRef id="V_ProductName" defaultValue="ELR H5-IES-PT/500AC-3-IOL"/>
				<StdVariableRef id="V_ProductID" defaultValue="2908669"/>
				<StdVariableRef defaultValue="IO-Link/Hybrid-Motorstarter" id="V_ProductText"/>
				<StdVariableRef defaultValue="1" id="V_HardwareRevision"/>
				<StdVariableRef defaultValue="1.10/1.11" id="V_FirmwareRevision"/>
				<StdVariableRef id="V_SerialNumber"/>
				<StdVariableRef id="V_ErrorCount"/>
				<StdVariableRef id="V_ProcessDataInput"/>
				<StdVariableRef id="V_ProcessDataOutput"/>
				<StdVariableRef id="V_ApplicationSpecificTag" defaultValue="IO-Link/Hybrid-Motorstarter" fixedLengthRestriction="32" excludedFromDataStorage="false"/>
				<StdVariableRef id="V_DeviceAccessLocks"/>
				<Variable id="V_Nennstrom1" accessRights="wo" index="66" defaultValue="15" excludedFromDataStorage="false">
					<Datatype xsi:type="UIntegerT" bitLength="8"/>
					<Name textId="V_Para_Index68"/>
				</Variable>
			</VariableCollection>
			<ProcessDataCollection>
				<ProcessData id="V_PD">
					<ProcessDataIn id="V_PDI" bitLength="64">
						<Datatype xsi:type="RecordT" bitLength="64" subindexAccessSupported="false">
							<RecordItem subindex="1" bitOffset="0">
								<SimpleDatatype xsi:type="BooleanT"/>
								<Name textId="TI_V_PDI_B0_b0"/>
							</RecordItem>
							<RecordItem subindex="2" bitOffset="1">
								<SimpleDatatype xsi:type="BooleanT"/>
								<Name textId="TI_V_PDI_B0_b1"/>
							</RecordItem>
							<RecordItem subindex="3" bitOffset="2">
								<SimpleDatatype xsi:type="BooleanT"/>
								<Name textId="TI_V_PDI_B0_b2"/>
							</RecordItem>
							<RecordItem subindex="4" bitOffset="3">
								<SimpleDatatype xsi:type="BooleanT"/>
								<Name textId="TI_V_PDI_B0_b3"/>
							</RecordItem>
							<RecordItem subindex="5" bitOffset="4">
								<SimpleDatatype xsi:type="BooleanT"/>
								<Name textId="TI_V_PDI_B0_b4"/>
							</RecordItem>
							<RecordItem subindex="6" bitOffset="5">
								<SimpleDatatype xsi:type="BooleanT"/>
								<Name textId="TI_V_PDI_B0_b5"/>
							</RecordItem>
							<RecordItem subindex="7" bitOffset="6">
								<SimpleDatatype xsi:type="BooleanT"/>
								<Name textId="TI_V_PDI_B0_b6"/>
							</RecordItem>
							<RecordItem subindex="8" bitOffset="8">
								<SimpleDatatype xsi:type="UIntegerT" bitLength="4"/>
								<Name textId="TI_V_PDI_B1_b0_3"/>
							</RecordItem>
							<RecordItem subindex="9" bitOffset="12">
								<SimpleDatatype xsi:type="UIntegerT" bitLength="3"/>
								<Name textId="TI_V_PDI_B1_b4_6"/>
							</RecordItem>
							<RecordItem subindex="10" bitOffset="15">
								<SimpleDatatype xsi:type="BooleanT"/>
								<Name textId="TI_V_PDI_B1_b7"/>
							</RecordItem>
							<RecordItem subindex="11" bitOffset="16">
								<SimpleDatatype xsi:type="UIntegerT" bitLength="8"/>
								<Name textId="TI_V_PDI_B2_b0_7"/>
							</RecordItem>
							<RecordItem subindex="12" bitOffset="24">
								<SimpleDatatype xsi:type="UIntegerT" bitLength="8"/>
								<Name textId="TI_V_PDI_B3_b0_7"/>
							</RecordItem>
							<RecordItem subindex="13" bitOffset="32">
								<SimpleDatatype xsi:type="UIntegerT" bitLength="4"/>
								<Name textId="TI_V_PDI_B4_b0_3"/>
							</RecordItem>
							<RecordItem subindex="14" bitOffset="40">
								<SimpleDatatype xsi:type="UIntegerT" bitLength="16"/>
								<Name textId="TI_V_PDI_B5_6"/>
							</RecordItem>
						</Datatype>
						<Name textId="TI_V_PDI"/>
					</ProcessDataIn>
					<ProcessDataOut id="V_PDO" bitLength="16">
						<Datatype xsi:type="RecordT" bitLength="16" subindexAccessSupported="false">
							<RecordItem subindex="1" bitOffset="0">
								<SimpleDatatype xsi:type="BooleanT"/>
								<Name textId="TI_V_PDO_Right"/>
							</RecordItem>
							<RecordItem subindex="2" bitOffset="1">
								<SimpleDatatype xsi:type="BooleanT"/>
								<Name textId="TI_V_PDO_Left"/>
							</RecordItem>
							<RecordItem subindex="3" bitOffset="2">
								<SimpleDatatype xsi:type="BooleanT"/>
								<Name textId="TI_V_PDO_ManuReset"/>
							</RecordItem>
							<RecordItem subindex="4" bitOffset="3">
								<SimpleDatatype xsi:type="BooleanT"/>
								<Name textId="TI_V_PDO_AutoReset"/>
							</RecordItem>
							<RecordItem subindex="5" bitOffset="5">
								<SimpleDatatype xsi:type="BooleanT"/>
								<Name textId="TI_V_PDO_ButtonLeft"/>
							</RecordItem>
							<RecordItem subindex="6" bitOffset="6">
								<SimpleDatatype xsi:type="BooleanT"/>
								<Name textId="TI_V_PDO_ButtonStop"/>
							</RecordItem>
							<RecordItem subindex="7" bitOffset="7">
								<SimpleDatatype xsi:type="BooleanT"/>
								<Name textId="TI_V_PDO_ButtonRight"/>
							</RecordItem>
							<RecordItem subindex="8" bitOffset="8">
								<SimpleDatatype xsi:type="UIntegerT" bitLength="4"/>
								<Name textId="TI_V_PDO_Nennstrom"/>
							</RecordItem>
							<RecordItem subindex="9" bitOffset="15">
								<SimpleDatatype xsi:type="BooleanT"/>
								<Name textId="TI_V_PDO_NennstromValid"/>
							</RecordItem>
						</Datatype>
						<Name textId="TI_V_PDO"/>
					</ProcessDataOut>
				</ProcessData>
			</ProcessDataCollection>
			<ErrorTypeCollection>
				<!-- This device supports the standard error type "Index not available" -->
				<StdErrorTypeRef additionalCode="17"/>
				<!-- This device supports the standard error type "Subindex not available" -->
				<StdErrorTypeRef additionalCode="18"/>
				<!-- Device specific error code for "password too short" -->
				<!--				<ErrorType additionalCode="1">
					<Name textId="TN_0x8101"/>
					<Description textId="TD_0x8101"/>
				</ErrorType>
-->
			</ErrorTypeCollection>
			<EventCollection>
				<!-- This device supports the general malfunction event -->
				<!--				<StdEventRef code="4096"/>-->
				<!-- Device specific event for ambient light interference -->
				<Event type="Error" code="6144">
					<Name textId="TN_0x1800"/>
					<Description textId="TD_0x1800"/>
				</Event>
			</EventCollection>
			<UserInterface>
				<MenuCollection>
					<Menu id="ME_Ident">
						<VariableRef variableId="V_VendorName"/>
						<VariableRef variableId="V_VendorText"/>
						<VariableRef variableId="V_ProductName"/>
						<VariableRef variableId="V_ProductID"/>
						<VariableRef variableId="V_ProductText"/>
						<VariableRef variableId="V_HardwareRevision"/>
						<VariableRef variableId="V_FirmwareRevision"/>
					</Menu>
					<Menu id="ME_Parameter">
						<VariableRef variableId="V_Nennstrom1"/>
						<VariableRef variableId="V_ApplicationSpecificTag"/>
						<VariableRef variableId="V_DeviceAccessLocks"/>
					</Menu>
				</MenuCollection>
				<ObserverRoleMenuSet>
					<IdentificationMenu menuId="ME_Ident"/>
					<ParameterMenu menuId="ME_Parameter"/>
				</ObserverRoleMenuSet>
				<MaintenanceRoleMenuSet>
					<IdentificationMenu menuId="ME_Ident"/>
					<ParameterMenu menuId="ME_Parameter"/>
				</MaintenanceRoleMenuSet>
				<SpecialistRoleMenuSet>
					<IdentificationMenu menuId="ME_Ident"/>
					<ParameterMenu menuId="ME_Parameter"/>
				</SpecialistRoleMenuSet>
			</UserInterface>
		</DeviceFunction>
	</ProfileBody>
	<CommNetworkProfile xsi:type="IOLinkCommNetworkProfileT" iolinkRevision="V1.1">
		<TransportLayers>
			<PhysicalLayer bitrate="COM3" minCycleTime="30000" sioSupported="false" mSequenceCapability="43">
				<!--TBD: insert correct M-Sequence Capability!-->
				<Connection xsi:type="OtherConnectionT" connectionSymbol="Phoenix-ELR-5in1-con-pic.png">
					<ProductRef productId="2908669"/>
					<Description textId="A0"/>
					<Wire1 function="L+" color="BN">
					 <Name textId="A1"/>
					</Wire1>
					<Wire2 function="L-" color="BU">
					 <Name textId="A2"/>
					</Wire2>
					<Wire3 function="NC" color="GY">
					 <Name textId="NC"/>
					</Wire3>
					<Wire4 function="NC" color="WH">
					 <Name textId="NC"/>
					</Wire4>
					<Wire5 function="C/Q" color="BK">
					 <Name textId="CQ"/>
					</Wire5>
				</Connection>
			</PhysicalLayer>
		</TransportLayers>
		<Test>
			<Config1 index="253" testValue="0x55,0x11"/>
			<!-- rw 8 bit index, <=12 octets -->
			<Config2 index="16382" testValue="0xAA,0x55"/>
			<!-- rw 16 bit index -->
			<Config3 index="254" testValue="0x00,0x01,0x02,0x03,0x04,0x05,0x06,0x07,0x08,0x09,0x0A,0x0B,0x0C,0x0D,0x0E,0x0F,0x10,0x11,0x12,0x13"/>
			<!-- 0x00, 0x01, 0x02, 0x03, 0x04, 0x05, 0x06, 0x07, 0x08, 0x09, 0x0A, 0x0B, 0x0C, 0x0D 0x0E, 0x0F, 0x10, 0x11, 0x12, 0x13 -->
			<!-- rw 8 bit index -->
			<Config7 index="16383" xsi:type="IOLinkTestConfig7T">
				<EventTrigger disappearValue="0" appearValue="1"/>
				<!--EventTrigger disappearValue="0" appearValue="1"/-->
			</Config7>
		</Test>
	</CommNetworkProfile>
	<ExternalTextCollection>
		<PrimaryLanguage xml:lang="en">
			<Text id="TI_VendorText" value="PhoenixContact"/>
			<Text id="TI_VendorUrl" value="http://www.phoenixcontact.com"/>
			<Text id="TI_DeviceFamily" value="ELR 5IN1 IOL"/>
			<Text id="TI_Product_Name_2908669" value="ELR H5-IES-PT/500AC-3-IOL"/>
			<Text id="TI_Product_Descr" value="Hybrid motor starter"/>
			<Text id="TI_V_PDO_Right" value="Motor start/forward running start"/>
			<Text id="TI_V_PDO_Left" value="Reverse running start"/>
			<Text id="TI_V_PDO_ManuReset" value="Manual reset"/>
			<Text id="TI_V_PDO_AutoReset" value="Automatic reset"/>
			<Text id="TI_V_PDO_ButtonLeft" value="Reverse running start"/>
			<Text id="TI_V_PDO_ButtonStop" value="Stop"/>
			<Text id="TI_V_PDO_ButtonRight" value="Forward running start"/>
			<Text id="TI_V_PDO_Nennstrom" value="Nominal current setting (0...15)"/>
			<Text id="TI_V_PDO_NennstromValid" value="Nominal current setting enable"/>
			<Text id="TI_V_PDI_B0_b0" value="Error detection"/>
			<Text id="TI_V_PDI_B0_b1" value="Forward rotation"/>
			<Text id="TI_V_PDI_B0_b2" value="Reverse rotation"/>
			<Text id="TI_V_PDI_B0_b3" value="Enable signal"/>
			<Text id="TI_V_PDI_B0_b4" value="Diagnostics"/>
			<Text id="TI_V_PDI_B0_b5" value="Device OK"/>
			<Text id="TI_V_PDI_B0_b6" value="Overload pre-warning"/>						
			<Text id="TI_V_PDI_B1_b0_3" value="Set nominal current (0...15)"/>
			<Text id="TI_V_PDI_B1_b4_6" value="Differentiated trip indicator"/>
			<Text id="TI_V_PDI_B1_b7" value="Overload acknowledgment necessary"/>
			<Text id="TI_V_PDI_B2_b0_7" value="Maximum current of the three phases"/>
			<Text id="TI_V_PDI_B3_b0_7" value="Model of the thermal load (trip at 115%)"/>
			<Text id="TI_V_PDI_B4_b0_3" value="Equipment type"/>
			<Text id="TI_V_PDI_B5_6" value="Maximum current which occurs in the three phases"/>
			<Text id="TI_V_PDI" value="Process Data Inputs"/>
			<Text id="TI_V_PDO" value="Process Data Outputs"/>
			<Text id="TN_Device" value="ELR H5-IES-PT/500AC-3-IOL"/>
			<Text id="A0" value="Steckerbelegung"/>
			<Text id="A1" value="A1/L+"/>
			<Text id="A2" value="A2/L-"/>
			<Text id="NC" value="NC"/>
			<Text id="CQ" value="C/Q"/>
			<Text id="V_Para_Index68" value="Nominal current 1 setting (0 ... 15)"/>
			<Text id="TN_0x1800" value="Comm Error µC"/>
			<Text id="TD_0x1800" value="Communication to 2nd µC lost"/>
		</PrimaryLanguage>
		<Language xml:lang="de">
			<Text id="TI_VendorText" value="PhoenixContact"/>
			<Text id="TI_VendorUrl" value="http://www.phoenixcontact.com"/>
			<Text id="TI_DeviceFamily" value="ELR 5IN1 IOL"/>
			<Text id="TI_Product_Name_2908669" value="ELR H5-IES-PT/500AC-3-IOL"/>
			<Text id="TI_Product_Descr" value="Hybrid-Motorstarter"/>
			<Text id="TI_V_PDO_Right" value="Motorstart / Start Rechtslauf"/>
			<Text id="TI_V_PDO_Left" value="Start Linkslauf"/>
			<Text id="TI_V_PDO_ManuReset" value="Manueller Reset"/>
			<Text id="TI_V_PDO_AutoReset" value="Automatischer Reset"/>
			<Text id="TI_V_PDO_ButtonLeft" value="Start Linkslauf"/>
			<Text id="TI_V_PDO_ButtonStop" value="Stopp"/>
			<Text id="TI_V_PDO_ButtonRight" value="Start Rechtslauf"/>
			<Text id="TI_V_PDO_Nennstrom" value="Nennstromeinstellung (0...15)"/>
			<Text id="TI_V_PDO_NennstromValid" value="Freigabe Nennstromeinstellung"/>
			<Text id="TI_V_PDI_B0_b0" value="Fehlererkennung"/>
			<Text id="TI_V_PDI_B0_b1" value="Drehrichtung rechts"/>
			<Text id="TI_V_PDI_B0_b2" value="Drehrichtung links"/>
			<Text id="TI_V_PDI_B0_b3" value="Enable-Signal"/>
			<Text id="TI_V_PDI_B0_b4" value="Diagnose"/>
			<Text id="TI_V_PDI_B0_b5" value="Gerät ok"/>
			<Text id="TI_V_PDI_B0_b6" value="Überlastvorwarnung"/>						
			<Text id="TI_V_PDI_B1_b0_3" value="Eingestellter Nennstrom (0...15)"/>
			<Text id="TI_V_PDI_B1_b4_6" value="Differenzierte Ausgelöstmeldung"/>
			<Text id="TI_V_PDI_B1_b7" value="Quittierung Überlast notwendig"/>
			<Text id="TI_V_PDI_B2_b0_7" value="Maximalstrom der drei Phasen"/>
			<Text id="TI_V_PDI_B3_b0_7" value="Modell der thermischen Auslastung (Auslösung bei 115 %)"/>
			<Text id="TI_V_PDI_B4_b0_3" value="Gerätetyp"/>
			<Text id="TI_V_PDI_B5_6" value="Maximalstrom, der in den drei Phasen auftritt"/>
			<Text id="TI_V_PDI" value="Eingangsprozessdaten"/>
			<Text id="TI_V_PDO" value="Ausgangsprozessdaten"/>
			<Text id="TN_Device" value="ELR H5-IES-PT/500AC-3-IOL"/>
			<Text id="A0" value="Steckerbelegung"/>
			<Text id="A1" value="A1/L+"/>
			<Text id="A2" value="A2/L-"/>
			<Text id="NC" value="NC"/>
			<Text id="CQ" value="C/Q"/>
			<Text id="V_Para_Index68" value="Einstellung Nennstrom 1 (0...15)"/>
			<Text id="TN_0x1800" value="Komm Fehler µC"/>
			<Text id="TD_0x1800" value="Kommunication zum 2ten µC verloren"/>
		</Language>
	</ExternalTextCollection>
	<Stamp crc="2878052998"><Checker name="IODD-Checker V1.1.3" version="V1.1.3.0"/></Stamp>
</IODevice>
